"absolute_path","area","filename","extension","source"
"/Users/bmysoren/Desktop/2026/iSmash/25-124 - iSmash Everett WA Review Set.pdf","(root)","25-124 - iSmash Everett WA Review Set.pdf","pdf","local iSmash repository"
"/Users/bmysoren/Desktop/2026/iSmash/Bank/Appraisal_1411.pdf","Bank","Appraisal_1411.pdf","pdf","local iSmash repository"
"/Users/bmysoren/Desktop/2026/iSmash/Bank/Appraisal_815.pdf","Bank","Appraisal_815.pdf","pdf","local iSmash repository"
"/Users/bmysoren/Desktop/2026/iSmash/Bank/QuiantOak_NewAccount.pdf","Bank","QuiantOak_NewAccount.pdf","pdf","local iSmash repository"
"/Users/bmysoren/Desktop/2026/iSmash/CameraLayout.png","(root)","CameraLayout.png","png","local iSmash repository"
"/Users/bmysoren/Desktop/2026/iSmash/Construction/25-124 - PR-1.0  25-10-09 rev2.pdf","Construction","25-124 - PR-1.0  25-10-09 rev2.pdf","pdf","local iSmash repository"
"/Users/bmysoren/Desktop/2026/iSmash/Construction/CCS- DB  iSmash Seatle agreement (M).pdf","Construction","CCS- DB  iSmash Seatle agreement (M).pdf","pdf","local iSmash repository"
"/Users/bmysoren/Desktop/2026/iSmash/Construction/CO4 $5,074.74 Flooring demo.pdf","Construction","CO4 $5,074.74 Flooring demo.pdf","pdf","local iSmash repository"
"/Users/bmysoren/Desktop/2026/iSmash/Construction/Complete_with_Docusign_CCS-_DB__iSmash_Seatl.pdf","Construction","Complete_with_Docusign_CCS-_DB__iSmash_Seatl.pdf","pdf","local iSmash repository"
"/Users/bmysoren/Desktop/2026/iSmash/Construction/Construction_Estimate_Increased_iSmash_Everett.pdf","Construction","Construction_Estimate_Increased_iSmash_Everett.pdf","pdf","local iSmash repository"
"/Users/bmysoren/Desktop/2026/iSmash/Construction/Monument sign top half.jpg","Construction","Monument sign top half.jpg","jpg","local iSmash repository"
"/Users/bmysoren/Desktop/2026/iSmash/Construction/Signage-iSmash Everett Art Revised 2.pdf","Construction","Signage-iSmash Everett Art Revised 2.pdf","pdf","local iSmash repository"
"/Users/bmysoren/Desktop/2026/iSmash/District.TermSheet.docx","(root)","District.TermSheet.docx","docx","local iSmash repository"
"/Users/bmysoren/Desktop/2026/iSmash/Entity/2026050300364770_PaymentReceipt.pdf","Entity","2026050300364770_PaymentReceipt.pdf","pdf","local iSmash repository"
"/Users/bmysoren/Desktop/2026/iSmash/Entity/DBA_and_License_L0031639911.pdf","Entity","DBA_and_License_L0031639911.pdf","pdf","local iSmash repository"
"/Users/bmysoren/Desktop/2026/iSmash/Entity/Smarh District Initial Report.pdf","Entity","Smarh District Initial Report.pdf","pdf","local iSmash repository"
"/Users/bmysoren/Desktop/2026/iSmash/Entity/Smash District EIN.pdf","Entity","Smash District EIN.pdf","pdf","local iSmash repository"
"/Users/bmysoren/Desktop/2026/iSmash/Entity/Smash District LLC.pdf","Entity","Smash District LLC.pdf","pdf","local iSmash repository"
"/Users/bmysoren/Desktop/2026/iSmash/Entity/Smash_District_Certificate_of_Formation.docx","Entity","Smash_District_Certificate_of_Formation.docx","docx","local iSmash repository"
"/Users/bmysoren/Desktop/2026/iSmash/Entity/Smash_District_Certificate_of_Formation.pdf","Entity","Smash_District_Certificate_of_Formation.pdf","pdf","local iSmash repository"
"/Users/bmysoren/Desktop/2026/iSmash/Entity/Smash_District_Operating_Agreement.docx","Entity","Smash_District_Operating_Agreement.docx","docx","local iSmash repository"
"/Users/bmysoren/Desktop/2026/iSmash/Entity/Smash_District_Operating_Agreement.pdf","Entity","Smash_District_Operating_Agreement.pdf","pdf","local iSmash repository"
"/Users/bmysoren/Desktop/2026/iSmash/Evidence_of_Insurance_1411_04302027.pdf","(root)","Evidence_of_Insurance_1411_04302027.pdf","pdf","local iSmash repository"
"/Users/bmysoren/Desktop/2026/iSmash/FW_ I-Smash Financing /2022_TaxReturn.pdf","FW_ I-Smash Financing","2022_TaxReturn.pdf","pdf","local iSmash repository"
"/Users/bmysoren/Desktop/2026/iSmash/FW_ I-Smash Financing /2023_TaxReturn.pdf","FW_ I-Smash Financing","2023_TaxReturn.pdf","pdf","local iSmash repository"
"/Users/bmysoren/Desktop/2026/iSmash/FW_ I-Smash Financing /2024_TaxReturn.pdf","FW_ I-Smash Financing","2024_TaxReturn.pdf","pdf","local iSmash repository"
"/Users/bmysoren/Desktop/2026/iSmash/FW_ I-Smash Financing /BKMN 2022 W2.pdf","FW_ I-Smash Financing","BKMN 2022 W2.pdf","pdf","local iSmash repository"
"/Users/bmysoren/Desktop/2026/iSmash/FW_ I-Smash Financing /BKMN 2023 W2.pdf","FW_ I-Smash Financing","BKMN 2023 W2.pdf","pdf","local iSmash repository"
"/Users/bmysoren/Desktop/2026/iSmash/FW_ I-Smash Financing /BKMN 2024 W2.pdf","FW_ I-Smash Financing","BKMN 2024 W2.pdf","pdf","local iSmash repository"
"/Users/bmysoren/Desktop/2026/iSmash/FW_ I-Smash Financing /BKMN SBA Management Resume Form.docx","FW_ I-Smash Financing","BKMN SBA Management Resume Form.docx","docx","local iSmash repository"
"/Users/bmysoren/Desktop/2026/iSmash/FW_ I-Smash Financing /DM 2023 W2.pdf","FW_ I-Smash Financing","DM 2023 W2.pdf","pdf","local iSmash repository"
"/Users/bmysoren/Desktop/2026/iSmash/FW_ I-Smash Financing /DM SBA Management Resume Form.docx","FW_ I-Smash Financing","DM SBA Management Resume Form.docx","docx","local iSmash repository"
"/Users/bmysoren/Desktop/2026/iSmash/FW_ I-Smash Financing /DM SBA Management Resume Form.pdf","FW_ I-Smash Financing","DM SBA Management Resume Form.pdf","pdf","local iSmash repository"
"/Users/bmysoren/Desktop/2026/iSmash/FW_ I-Smash Financing /DM W2 2024.pdf","FW_ I-Smash Financing","DM W2 2024.pdf","pdf","local iSmash repository"
"/Users/bmysoren/Desktop/2026/iSmash/FW_ I-Smash Financing /DM-Payslip.pdf","FW_ I-Smash Financing","DM-Payslip.pdf","pdf","local iSmash repository"
"/Users/bmysoren/Desktop/2026/iSmash/FW_ I-Smash Financing /FTU-Account.pdf","FW_ I-Smash Financing","FTU-Account.pdf","pdf","local iSmash repository"
"/Users/bmysoren/Desktop/2026/iSmash/FW_ I-Smash Financing /FTU-Combined.pdf","FW_ I-Smash Financing","FTU-Combined.pdf","pdf","local iSmash repository"
"/Users/bmysoren/Desktop/2026/iSmash/FW_ I-Smash Financing /Fidelity.pdf","FW_ I-Smash Financing","Fidelity.pdf","pdf","local iSmash repository"
"/Users/bmysoren/Desktop/2026/iSmash/FW_ I-Smash Financing /I-Smash - Carney Fee Agreement.docx","FW_ I-Smash Financing","I-Smash - Carney Fee Agreement.docx","docx","local iSmash repository"
"/Users/bmysoren/Desktop/2026/iSmash/FW_ I-Smash Financing /I-Smash Financial Document Checklist.docx","FW_ I-Smash Financing","I-Smash Financial Document Checklist.docx","docx","local iSmash repository"
"/Users/bmysoren/Desktop/2026/iSmash/FW_ I-Smash Financing /I-Smash Loan Process.docx","FW_ I-Smash Financing","I-Smash Loan Process.docx","docx","local iSmash repository"
"/Users/bmysoren/Desktop/2026/iSmash/FW_ I-Smash Financing /I-Smash PFS-Application-Update.pdf","FW_ I-Smash Financing","I-Smash PFS-Application-Update.pdf","pdf","local iSmash repository"
"/Users/bmysoren/Desktop/2026/iSmash/FW_ I-Smash Financing /I-Smash PFS-Application.pdf","FW_ I-Smash Financing","I-Smash PFS-Application.pdf","pdf","local iSmash repository"
"/Users/bmysoren/Desktop/2026/iSmash/FW_ I-Smash Financing /ID-BKMN.pdf","FW_ I-Smash Financing","ID-BKMN.pdf","pdf","local iSmash repository"
"/Users/bmysoren/Desktop/2026/iSmash/FW_ I-Smash Financing /ID-DM.pdf","FW_ I-Smash Financing","ID-DM.pdf","pdf","local iSmash repository"
"/Users/bmysoren/Desktop/2026/iSmash/FW_ I-Smash Financing /LOI-Signed-607 Marketplace.pdf","FW_ I-Smash Financing","LOI-Signed-607 Marketplace.pdf","pdf","local iSmash repository"
"/Users/bmysoren/Desktop/2026/iSmash/FW_ I-Smash Financing /Payslip_2025-06-18_OracleUSOnlinePayslip.pdf","FW_ I-Smash Financing","Payslip_2025-06-18_OracleUSOnlinePayslip.pdf","pdf","local iSmash repository"
"/Users/bmysoren/Desktop/2026/iSmash/FW_ I-Smash Financing /Personal Financial Statement - LocateAI.docx","FW_ I-Smash Financing","Personal Financial Statement - LocateAI.docx","docx","local iSmash repository"
"/Users/bmysoren/Desktop/2026/iSmash/FW_ I-Smash Financing /Samsh distict LLC lease 2025.pdf","FW_ I-Smash Financing","Samsh distict LLC lease 2025.pdf","pdf","local iSmash repository"
"/Users/bmysoren/Desktop/2026/iSmash/FW_ I-Smash Financing /Smarh District Initial Report.pdf","FW_ I-Smash Financing","Smarh District Initial Report.pdf","pdf","local iSmash repository"
"/Users/bmysoren/Desktop/2026/iSmash/FW_ I-Smash Financing /Smash District EIN.pdf","FW_ I-Smash Financing","Smash District EIN.pdf","pdf","local iSmash repository"
"/Users/bmysoren/Desktop/2026/iSmash/FW_ I-Smash Financing /Smash District LLC.pdf","FW_ I-Smash Financing","Smash District LLC.pdf","pdf","local iSmash repository"
"/Users/bmysoren/Desktop/2026/iSmash/FW_ I-Smash Financing /SmashDistrictLLCLease2025.pdf","FW_ I-Smash Financing","SmashDistrictLLCLease2025.pdf","pdf","local iSmash repository"
"/Users/bmysoren/Desktop/2026/iSmash/FW_ I-Smash Financing /SmashDistrictLLCLeaseP01-10.pdf","FW_ I-Smash Financing","SmashDistrictLLCLeaseP01-10.pdf","pdf","local iSmash repository"
"/Users/bmysoren/Desktop/2026/iSmash/FW_ I-Smash Financing /SmashDistrictLLCLeaseP11-15.pdf","FW_ I-Smash Financing","SmashDistrictLLCLeaseP11-15.pdf","pdf","local iSmash repository"
"/Users/bmysoren/Desktop/2026/iSmash/FW_ I-Smash Financing /SmashDistrictLLCLeaseP16-30.pdf","FW_ I-Smash Financing","SmashDistrictLLCLeaseP16-30.pdf","pdf","local iSmash repository"
"/Users/bmysoren/Desktop/2026/iSmash/FW_ I-Smash Financing /SmashDistrictLLCLeaseP31-45.pdf","FW_ I-Smash Financing","SmashDistrictLLCLeaseP31-45.pdf","pdf","local iSmash repository"
"/Users/bmysoren/Desktop/2026/iSmash/FW_ I-Smash Financing /SmashDistrictLLCLeaseP45-58.pdf","FW_ I-Smash Financing","SmashDistrictLLCLeaseP45-58.pdf","pdf","local iSmash repository"
"/Users/bmysoren/Desktop/2026/iSmash/FW_ I-Smash Financing /Smash_District_Certificate_of_Formation.pdf","FW_ I-Smash Financing","Smash_District_Certificate_of_Formation.pdf","pdf","local iSmash repository"
"/Users/bmysoren/Desktop/2026/iSmash/FW_ I-Smash Financing /Smash_District_Operating_Agreement.pdf","FW_ I-Smash Financing","Smash_District_Operating_Agreement.pdf","pdf","local iSmash repository"
"/Users/bmysoren/Desktop/2026/iSmash/FW_ I-Smash Financing /WFC-Account.pdf","FW_ I-Smash Financing","WFC-Account.pdf","pdf","local iSmash repository"
"/Users/bmysoren/Desktop/2026/iSmash/FW_ I-Smash Financing /WFC-Mortgage.pdf","FW_ I-Smash Financing","WFC-Mortgage.pdf","pdf","local iSmash repository"
"/Users/bmysoren/Desktop/2026/iSmash/FW_ I-Smash Financing /iSmash-SBA-document.pdf","FW_ I-Smash Financing","iSmash-SBA-document.pdf","pdf","local iSmash repository"
"/Users/bmysoren/Desktop/2026/iSmash/FarmersElectric_1088081416.pdf","(root)","FarmersElectric_1088081416.pdf","pdf","local iSmash repository"
"/Users/bmysoren/Desktop/2026/iSmash/Finances/2. Carney Change Orders   RUBBER FLOORING.pdf","Finances","2. Carney Change Orders   RUBBER FLOORING.pdf","pdf","local iSmash repository"
"/Users/bmysoren/Desktop/2026/iSmash/Finances/29092025-Invoices.zip","Finances","29092025-Invoices.zip","zip","local iSmash repository"
"/Users/bmysoren/Desktop/2026/iSmash/Finances/29092025-Payments.zip","Finances","29092025-Payments.zip","zip","local iSmash repository"
"/Users/bmysoren/Desktop/2026/iSmash/Finances/AdditionalPayments-CC.pdf","Finances","AdditionalPayments-CC.pdf","pdf","local iSmash repository"
"/Users/bmysoren/Desktop/2026/iSmash/Finances/BussinessInsurance-Invoice-3393.pdf","Finances","BussinessInsurance-Invoice-3393.pdf","pdf","local iSmash repository"
"/Users/bmysoren/Desktop/2026/iSmash/Finances/BussinessInsurance-Receipt-3393.pdf","Finances","BussinessInsurance-Receipt-3393.pdf","pdf","local iSmash repository"
"/Users/bmysoren/Desktop/2026/iSmash/Finances/CCS Invoice #3 (Not Sent) iSmash Seattle $238,641.00.pdf","Finances","CCS Invoice #3 (Not Sent) iSmash Seattle $238,641.00.pdf","pdf","local iSmash repository"
"/Users/bmysoren/Desktop/2026/iSmash/Finances/Camera Wiring - Deposit BNS0030132-5.pdf","Finances","Camera Wiring - Deposit BNS0030132-5.pdf","pdf","local iSmash repository"
"/Users/bmysoren/Desktop/2026/iSmash/Finances/CameraNetwork.pdf","Finances","CameraNetwork.pdf","pdf","local iSmash repository"
"/Users/bmysoren/Desktop/2026/iSmash/Finances/Carney-Architecture-Invoice-42037.pdf","Finances","Carney-Architecture-Invoice-42037.pdf","pdf","local iSmash repository"
"/Users/bmysoren/Desktop/2026/iSmash/Finances/Carney-Constr-Invoice-63055.50.pdf","Finances","Carney-Constr-Invoice-63055.50.pdf","pdf","local iSmash repository"
"/Users/bmysoren/Desktop/2026/iSmash/Finances/Carney-PermitFee-2643.56.pdf","Finances","Carney-PermitFee-2643.56.pdf","pdf","local iSmash repository"
"/Users/bmysoren/Desktop/2026/iSmash/Finances/Carney-SBA-LoanConsulation-Invoice.xls","Finances","Carney-SBA-LoanConsulation-Invoice.xls","xls","local iSmash repository"
"/Users/bmysoren/Desktop/2026/iSmash/Finances/Carney-SBA-LoanConsulation-Pay2500.pdf","Finances","Carney-SBA-LoanConsulation-Pay2500.pdf","pdf","local iSmash repository"
"/Users/bmysoren/Desktop/2026/iSmash/Finances/Carney-SiteAccessment-Invoice-4700.pdf","Finances","Carney-SiteAccessment-Invoice-4700.pdf","pdf","local iSmash repository"
"/Users/bmysoren/Desktop/2026/iSmash/Finances/Complete_with_Docusign_2_Carney_Change_Orde.pdf","Finances","Complete_with_Docusign_2_Carney_Change_Orde.pdf","pdf","local iSmash repository"
"/Users/bmysoren/Desktop/2026/iSmash/Finances/Complete_with_Docusign_CO1_Review_Fess_$264.pdf","Finances","Complete_with_Docusign_CO1_Review_Fess_$264.pdf","pdf","local iSmash repository"
"/Users/bmysoren/Desktop/2026/iSmash/Finances/Complete_with_Docusign_CO2_Buiding_permit_fe.pdf","Finances","Complete_with_Docusign_CO2_Buiding_permit_fe.pdf","pdf","local iSmash repository"
"/Users/bmysoren/Desktop/2026/iSmash/Finances/Confirm.pdf","Finances","Confirm.pdf","pdf","local iSmash repository"
"/Users/bmysoren/Desktop/2026/iSmash/Finances/FranchiseFee.pdf","Finances","FranchiseFee.pdf","pdf","local iSmash repository"
"/Users/bmysoren/Desktop/2026/iSmash/Finances/INVOICE_3541_from_Insurance Allies LLC.pdf","Finances","INVOICE_3541_from_Insurance Allies LLC.pdf","pdf","local iSmash repository"
"/Users/bmysoren/Desktop/2026/iSmash/Finances/Invoice #23496.pdf","Finances","Invoice #23496.pdf","pdf","local iSmash repository"
"/Users/bmysoren/Desktop/2026/iSmash/Finances/MetalOrder_024803_SO1114137-.pdf","Finances","MetalOrder_024803_SO1114137-.pdf","pdf","local iSmash repository"
"/Users/bmysoren/Desktop/2026/iSmash/Finances/NNN_012026.pdf","Finances","NNN_012026.pdf","pdf","local iSmash repository"
"/Users/bmysoren/Desktop/2026/iSmash/Finances/NNN_092025-122025.pdf","Finances","NNN_092025-122025.pdf","pdf","local iSmash repository"
"/Users/bmysoren/Desktop/2026/iSmash/Finances/PersonnelInsurance_BKMN.pdf","Finances","PersonnelInsurance_BKMN.pdf","pdf","local iSmash repository"
"/Users/bmysoren/Desktop/2026/iSmash/Finances/QuaintOak_NewAccount.pdf","Finances","QuaintOak_NewAccount.pdf","pdf","local iSmash repository"
"/Users/bmysoren/Desktop/2026/iSmash/Finances/Signboard-InvoiceandTerm.pdf","Finances","Signboard-InvoiceandTerm.pdf","pdf","local iSmash repository"
"/Users/bmysoren/Desktop/2026/iSmash/Finances/Signboard-Payment.jpeg","Finances","Signboard-Payment.jpeg","jpeg","local iSmash repository"
"/Users/bmysoren/Desktop/2026/iSmash/Finances/Spending.xlsx","Finances","Spending.xlsx","xlsx","local iSmash repository"
"/Users/bmysoren/Desktop/2026/iSmash/Finances/Udall-BoA-Payment-0616-999.pdf","Finances","Udall-BoA-Payment-0616-999.pdf","pdf","local iSmash repository"
"/Users/bmysoren/Desktop/2026/iSmash/Finances/Udall-Term.pdf","Finances","Udall-Term.pdf","pdf","local iSmash repository"
"/Users/bmysoren/Desktop/2026/iSmash/Finances/UdallLawGroup-Description.txt","Finances","UdallLawGroup-Description.txt","txt","local iSmash repository"
"/Users/bmysoren/Desktop/2026/iSmash/Finances/Udwall-Invoice.pdf","Finances","Udwall-Invoice.pdf","pdf","local iSmash repository"
"/Users/bmysoren/Desktop/2026/iSmash/Finances/Utility-PSE-122025.pdf","Finances","Utility-PSE-122025.pdf","pdf","local iSmash repository"
"/Users/bmysoren/Desktop/2026/iSmash/Finances/WFC-062025.pdf","Finances","WFC-062025.pdf","pdf","local iSmash repository"
"/Users/bmysoren/Desktop/2026/iSmash/Finances/WFC-072025.pdf","Finances","WFC-072025.pdf","pdf","local iSmash repository"
"/Users/bmysoren/Desktop/2026/iSmash/Finances/WFC-082025.pdf","Finances","WFC-082025.pdf","pdf","local iSmash repository"
"/Users/bmysoren/Desktop/2026/iSmash/Finances/WFC-092025.pdf","Finances","WFC-092025.pdf","pdf","local iSmash repository"
"/Users/bmysoren/Desktop/2026/iSmash/Finances/WFC-102025.pdf","Finances","WFC-102025.pdf","pdf","local iSmash repository"
"/Users/bmysoren/Desktop/2026/iSmash/Finances/WFC-112025.pdf","Finances","WFC-112025.pdf","pdf","local iSmash repository"
"/Users/bmysoren/Desktop/2026/iSmash/Finances/WFC-122025.pdf","Finances","WFC-122025.pdf","pdf","local iSmash repository"
"/Users/bmysoren/Desktop/2026/iSmash/First_Amendment_Rent_Commencement_Opening_Date_Draft_v1.0.docx","(root)","First_Amendment_Rent_Commencement_Opening_Date_Draft_v1.0.docx","docx","local iSmash repository"
"/Users/bmysoren/Desktop/2026/iSmash/First_Amendment_Updated_Date_v1.0.docx","(root)","First_Amendment_Updated_Date_v1.0.docx","docx","local iSmash repository"
"/Users/bmysoren/Desktop/2026/iSmash/Franchisee/Complete_with_Docusign_iSmash__2024_MUDA__Di.pdf","Franchisee","Complete_with_Docusign_iSmash__2024_MUDA__Di.pdf","pdf","local iSmash repository"
"/Users/bmysoren/Desktop/2026/iSmash/Franchisee/Transfer Agreement_ Divya Mahalingaiah to Smash District LLC_ FINAL_ 12-8-2025.pdf","Franchisee","Transfer Agreement_ Divya Mahalingaiah to Smash District LLC_ FINAL_ 12-8-2025.pdf","pdf","local iSmash repository"
"/Users/bmysoren/Desktop/2026/iSmash/Franchisee/iSmash_ 2024 Franchise Agreement_ Divya Mahalingaiah_ DRAFT_ 1-30-2025.docx","Franchisee","iSmash_ 2024 Franchise Agreement_ Divya Mahalingaiah_ DRAFT_ 1-30-2025.docx","docx","local iSmash repository"
"/Users/bmysoren/Desktop/2026/iSmash/Franchisee/iSmash_ 2024 Franchise Agreement_ Divya Mahalingaiah_ FINAL_ 2-13-2025.pdf","Franchisee","iSmash_ 2024 Franchise Agreement_ Divya Mahalingaiah_ FINAL_ 2-13-2025.pdf","pdf","local iSmash repository"
"/Users/bmysoren/Desktop/2026/iSmash/Franchisee/iSmash_ 2024 Franchise Disclosure Document_ Issuance June 7, 2024_ IL Effective_ 11-13-2024_ with Ex.pdf","Franchisee","iSmash_ 2024 Franchise Disclosure Document_ Issuance June 7, 2024_ IL Effective_ 11-13-2024_ with Ex.pdf","pdf","local iSmash repository"
"/Users/bmysoren/Desktop/2026/iSmash/Franchisee/iSmash_ 2024 MUDA_ Divya Mahalingaiah_ DRAFT_ 1-30-2025.docx","Franchisee","iSmash_ 2024 MUDA_ Divya Mahalingaiah_ DRAFT_ 1-30-2025.docx","docx","local iSmash repository"
"/Users/bmysoren/Desktop/2026/iSmash/Franchisee/iSmash_ 2024 MUDA_ Divya Mahalingaiah_ FINAL_ 2-13-2025.pdf","Franchisee","iSmash_ 2024 MUDA_ Divya Mahalingaiah_ FINAL_ 2-13-2025.pdf","pdf","local iSmash repository"
"/Users/bmysoren/Desktop/2026/iSmash/Franchisee/iSmash_ 2025 FDD Issuance 20250331_ with Exhibits.pdf","Franchisee","iSmash_ 2025 FDD Issuance 20250331_ with Exhibits.pdf","pdf","local iSmash repository"
"/Users/bmysoren/Desktop/2026/iSmash/Franchisee/iSmash__2024_Franchise_Disclosure_Document__I.pdf","Franchisee","iSmash__2024_Franchise_Disclosure_Document__I.pdf","pdf","local iSmash repository"
"/Users/bmysoren/Desktop/2026/iSmash/Franchisee/~$mash_ 2024 MUDA_ Divya Mahalingaiah_ DRAFT_ 1-30-2025.docx","Franchisee","~$mash_ 2024 MUDA_ Divya Mahalingaiah_ DRAFT_ 1-30-2025.docx","docx","local iSmash repository"
"/Users/bmysoren/Desktop/2026/iSmash/Insurance/2025-2026 $2M Excess Liability Quote.PDF","Insurance","2025-2026 $2M Excess Liability Quote.PDF","pdf","local iSmash repository"
"/Users/bmysoren/Desktop/2026/iSmash/Insurance/2025-2026 Builders Risk Evidence of Property Insurance.pdf","Insurance","2025-2026 Builders Risk Evidence of Property Insurance.pdf","pdf","local iSmash repository"
"/Users/bmysoren/Desktop/2026/iSmash/Insurance/2025-2026 GL Quote.PDF","Insurance","2025-2026 GL Quote.PDF","pdf","local iSmash repository"
"/Users/bmysoren/Desktop/2026/iSmash/Insurance/2025-2026 Insurance Proposal (Operational).PDF","Insurance","2025-2026 Insurance Proposal (Operational).PDF","pdf","local iSmash repository"
"/Users/bmysoren/Desktop/2026/iSmash/Insurance/2025-2026 Property Quote (2).PDF","Insurance","2025-2026 Property Quote (2).PDF","pdf","local iSmash repository"
"/Users/bmysoren/Desktop/2026/iSmash/Insurance/2025_6M_2Mi_Excess_Binder_20261101.PDF","Insurance","2025_6M_2Mi_Excess_Binder_20261101.PDF","pdf","local iSmash repository"
"/Users/bmysoren/Desktop/2026/iSmash/Insurance/2025_6M_BuildersRisk_20260501.PDF","Insurance","2025_6M_BuildersRisk_20260501.PDF","pdf","local iSmash repository"
"/Users/bmysoren/Desktop/2026/iSmash/Insurance/2025_Builders_Risk_AC/2025 6 Month Builders RIsk (GL and Property).pdf","Insurance","2025 6 Month Builders RIsk (GL and Property).pdf","pdf","local iSmash repository"
"/Users/bmysoren/Desktop/2026/iSmash/Insurance/2025_Builders_Risk_AC/2025 6 Month Builders Risk ACORD 126 (1).pdf","Insurance","2025 6 Month Builders Risk ACORD 126 (1).pdf","pdf","local iSmash repository"
"/Users/bmysoren/Desktop/2026/iSmash/Insurance/2025_Builders_Risk_AC/2025 Builders Risk $1M Excess Quote.pdf","Insurance","2025 Builders Risk $1M Excess Quote.pdf","pdf","local iSmash repository"
"/Users/bmysoren/Desktop/2026/iSmash/Insurance/2025_Builders_Risk_AC/2025 Builders Risk ACORD 125 (5).pdf","Insurance","2025 Builders Risk ACORD 125 (5).pdf","pdf","local iSmash repository"
"/Users/bmysoren/Desktop/2026/iSmash/Insurance/2025_Builders_Risk_AC/2025 Builders Risk ACORD 131 (5).pdf","Insurance","2025 Builders Risk ACORD 131 (5).pdf","pdf","local iSmash repository"
"/Users/bmysoren/Desktop/2026/iSmash/Insurance/2025_Builders_Risk_AC/2025 Builders Risk ACORD 140 (9).pdf","Insurance","2025 Builders Risk ACORD 140 (9).pdf","pdf","local iSmash repository"
"/Users/bmysoren/Desktop/2026/iSmash/Insurance/2025_Builders_Risk_AC/2025_6_Month_Builders_RIsk_(GL_and_Property).pdf","Insurance","2025_6_Month_Builders_RIsk_(GL_and_Property).pdf","pdf","local iSmash repository"
"/Users/bmysoren/Desktop/2026/iSmash/Insurance/2025_Builders_Risk_AC/2025_6_Month_Builders_Risk_ACORD_126_(1).pdf","Insurance","2025_6_Month_Builders_Risk_ACORD_126_(1).pdf","pdf","local iSmash repository"
"/Users/bmysoren/Desktop/2026/iSmash/Insurance/2025_Builders_Risk_AC/2025_Builders_Risk_$1M_Excess_Quote.pdf","Insurance","2025_Builders_Risk_$1M_Excess_Quote.pdf","pdf","local iSmash repository"
"/Users/bmysoren/Desktop/2026/iSmash/Insurance/2025_Builders_Risk_AC/2025_Builders_Risk_ACORD_125_(5).pdf","Insurance","2025_Builders_Risk_ACORD_125_(5).pdf","pdf","local iSmash repository"
"/Users/bmysoren/Desktop/2026/iSmash/Insurance/2025_Builders_Risk_AC/2025_Builders_Risk_ACORD_131_(5).pdf","Insurance","2025_Builders_Risk_ACORD_131_(5).pdf","pdf","local iSmash repository"
"/Users/bmysoren/Desktop/2026/iSmash/Insurance/2025_Builders_Risk_AC/2025_Builders_Risk_ACORD_140_(9).pdf","Insurance","2025_Builders_Risk_ACORD_140_(9).pdf","pdf","local iSmash repository"
"/Users/bmysoren/Desktop/2026/iSmash/Insurance/2025_Builders_Risk_AC/Summary.pdf","Insurance","Summary.pdf","pdf","local iSmash repository"
"/Users/bmysoren/Desktop/2026/iSmash/Insurance/2026 GL COI (NW Prime Properties Inc).pdf","Insurance","2026 GL COI (NW Prime Properties Inc).pdf","pdf","local iSmash repository"
"/Users/bmysoren/Desktop/2026/iSmash/Insurance/2026 GL COI (Quaint Oak Bank its successors and or assigns).pdf","Insurance","2026 GL COI (Quaint Oak Bank its successors and or assigns).pdf","pdf","local iSmash repository"
"/Users/bmysoren/Desktop/2026/iSmash/Insurance/2026 GL COI (Smash Franchising LLC).pdf","Insurance","2026 GL COI (Smash Franchising LLC).pdf","pdf","local iSmash repository"
"/Users/bmysoren/Desktop/2026/iSmash/Insurance/BKMN_LifeInsurance_10122026.png","Insurance","BKMN_LifeInsurance_10122026.png","png","local iSmash repository"
"/Users/bmysoren/Desktop/2026/iSmash/Insurance/Bharath Kumar Mysore Nanjundappa ACH Form_encrypted_.pdf","Insurance","Bharath Kumar Mysore Nanjundappa ACH Form_encrypted_.pdf","pdf","local iSmash repository"
"/Users/bmysoren/Desktop/2026/iSmash/Insurance/Bharath Kumar Mysore Nanjundappa Policy.pdf","Insurance","Bharath Kumar Mysore Nanjundappa Policy.pdf","pdf","local iSmash repository"
"/Users/bmysoren/Desktop/2026/iSmash/Insurance/BuilderRisk-EXTENSION.PDF","Insurance","BuilderRisk-EXTENSION.PDF","pdf","local iSmash repository"
"/Users/bmysoren/Desktop/2026/iSmash/Insurance/BuilderRisk_12102026.pdf","Insurance","BuilderRisk_12102026.pdf","pdf","local iSmash repository"
"/Users/bmysoren/Desktop/2026/iSmash/Insurance/BuildersRisk_20260501.PDF","Insurance","BuildersRisk_20260501.PDF","pdf","local iSmash repository"
"/Users/bmysoren/Desktop/2026/iSmash/Insurance/Completed_ Complete with Docusign_ 2026 BR Policy Extension Docs - Smash District LLC/2025-2026 Builders Risk Evidence of Property Insurance.PDF","Insurance","2025-2026 Builders Risk Evidence of Property Insurance.PDF","pdf","local iSmash repository"
"/Users/bmysoren/Desktop/2026/iSmash/Insurance/Completed_ Complete with Docusign_ 2026 BR Policy Extension Docs - Smash District LLC/2026 3 Mo Ext. Builder Risk Quote SPG (1).PDF.pdf","Insurance","2026 3 Mo Ext. Builder Risk Quote SPG (1).PDF.pdf","pdf","local iSmash repository"
"/Users/bmysoren/Desktop/2026/iSmash/Insurance/Completed_ Complete with Docusign_ 2026 BR Policy Extension Docs - Smash District LLC/2026 Builders Risk ACORD 125.pdf","Insurance","2026 Builders Risk ACORD 125.pdf","pdf","local iSmash repository"
"/Users/bmysoren/Desktop/2026/iSmash/Insurance/Completed_ Complete with Docusign_ 2026 BR Policy Extension Docs - Smash District LLC/2026 Builders Risk ACORD 126.pdf","Insurance","2026 Builders Risk ACORD 126.pdf","pdf","local iSmash repository"
"/Users/bmysoren/Desktop/2026/iSmash/Insurance/Completed_ Complete with Docusign_ 2026 BR Policy Extension Docs - Smash District LLC/2026 Builders Risk ACORD 140.pdf","Insurance","2026 Builders Risk ACORD 140.pdf","pdf","local iSmash repository"
"/Users/bmysoren/Desktop/2026/iSmash/Insurance/Completed_ Complete with Docusign_ 2026 BR Policy Extension Docs - Smash District LLC/2026 GL COI (NW Prime Properties Inc)-1.PDF","Insurance","2026 GL COI (NW Prime Properties Inc)-1.PDF","pdf","local iSmash repository"
"/Users/bmysoren/Desktop/2026/iSmash/Insurance/Completed_ Complete with Docusign_ 2026 BR Policy Extension Docs - Smash District LLC/2026 GL COI (NW Prime Properties Inc).PDF","Insurance","2026 GL COI (NW Prime Properties Inc).PDF","pdf","local iSmash repository"
"/Users/bmysoren/Desktop/2026/iSmash/Insurance/Completed_ Complete with Docusign_ 2026 BR Policy Extension Docs - Smash District LLC/2026 GL COI (Quaint Oak Bank its successors and or assigns).PDF","Insurance","2026 GL COI (Quaint Oak Bank its successors and or assigns).PDF","pdf","local iSmash repository"
"/Users/bmysoren/Desktop/2026/iSmash/Insurance/Completed_ Complete with Docusign_ 2026 BR Policy Extension Docs - Smash District LLC/2026 GL COI (Smash Franchising LLC).PDF","Insurance","2026 GL COI (Smash Franchising LLC).PDF","pdf","local iSmash repository"
"/Users/bmysoren/Desktop/2026/iSmash/Insurance/Completed_ Complete with Docusign_ 2026 BR Policy Extension Docs - Smash District LLC/3 Mo BR Ext Endt 3.PDF","Insurance","3 Mo BR Ext Endt 3.PDF","pdf","local iSmash repository"
"/Users/bmysoren/Desktop/2026/iSmash/Insurance/Completed_ Complete with Docusign_ 2026 BR Policy Extension Docs - Smash District LLC/Summary.pdf","Insurance","Summary.pdf","pdf","local iSmash repository"
"/Users/bmysoren/Desktop/2026/iSmash/Insurance/Insurance-Invoice-3393.pdf","Insurance","Insurance-Invoice-3393.pdf","pdf","local iSmash repository"
"/Users/bmysoren/Desktop/2026/iSmash/Insurance/Insurance-Receipt-3393.pdf","Insurance","Insurance-Receipt-3393.pdf","pdf","local iSmash repository"
"/Users/bmysoren/Desktop/2026/iSmash/Insurance/Insurance-WetSign.pdf","Insurance","Insurance-WetSign.pdf","pdf","local iSmash repository"
"/Users/bmysoren/Desktop/2026/iSmash/Insurance/Life-550K-Nationwide_e-Application_Signature.pdf","Insurance","Life-550K-Nationwide_e-Application_Signature.pdf","pdf","local iSmash repository"
"/Users/bmysoren/Desktop/2026/iSmash/Insurance/NWPrimePropertiesInc-20260501.pdf","Insurance","NWPrimePropertiesInc-20260501.pdf","pdf","local iSmash repository"
"/Users/bmysoren/Desktop/2026/iSmash/Insurance/New_Nationwide_Life_Policy_Bharath_Kumar_Myso.pdf","Insurance","New_Nationwide_Life_Policy_Bharath_Kumar_Myso.pdf","pdf","local iSmash repository"
"/Users/bmysoren/Desktop/2026/iSmash/Insurance/QuaintOakBankItsSuccessorsAssigns-20260501-Increase.pdf","Insurance","QuaintOakBankItsSuccessorsAssigns-20260501-Increase.pdf","pdf","local iSmash repository"
"/Users/bmysoren/Desktop/2026/iSmash/Insurance/QuaintOakBankItsSuccessorsAssigns-20260501.pdf","Insurance","QuaintOakBankItsSuccessorsAssigns-20260501.pdf","pdf","local iSmash repository"
"/Users/bmysoren/Desktop/2026/iSmash/Insurance/SmashFranchisingLLC-20260501.pdf","Insurance","SmashFranchisingLLC-20260501.pdf","pdf","local iSmash repository"
"/Users/bmysoren/Desktop/2026/iSmash/Invoices/02262026_AMZN_20.06.pdf","Invoices","02262026_AMZN_20.06.pdf","pdf","local iSmash repository"
"/Users/bmysoren/Desktop/2026/iSmash/Invoices/04022026_NVR_3412.80.pdf","Invoices","04022026_NVR_3412.80.pdf","pdf","local iSmash repository"
"/Users/bmysoren/Desktop/2026/iSmash/Invoices/05062026_AMZN_156.96.pdf","Invoices","05062026_AMZN_156.96.pdf","pdf","local iSmash repository"
"/Users/bmysoren/Desktop/2026/iSmash/Invoices/05062026_AMZN_160.10.pdf","Invoices","05062026_AMZN_160.10.pdf","pdf","local iSmash repository"
"/Users/bmysoren/Desktop/2026/iSmash/Invoices/05062026_AMZN_1651.97.pdf","Invoices","05062026_AMZN_1651.97.pdf","pdf","local iSmash repository"
"/Users/bmysoren/Desktop/2026/iSmash/Invoices/05062026_AMZN_305.86.pdf","Invoices","05062026_AMZN_305.86.pdf","pdf","local iSmash repository"
"/Users/bmysoren/Desktop/2026/iSmash/Invoices/05072026_AMZN_189.18.pdf","Invoices","05072026_AMZN_189.18.pdf","pdf","local iSmash repository"
"/Users/bmysoren/Desktop/2026/iSmash/Invoices/05072026_WS_594.51.pdf","Invoices","05072026_WS_594.51.pdf","pdf","local iSmash repository"
"/Users/bmysoren/Desktop/2026/iSmash/Invoices/05102026_WMT_755.75.pdf","Invoices","05102026_WMT_755.75.pdf","pdf","local iSmash repository"
"/Users/bmysoren/Desktop/2026/iSmash/Invoices/05132026_AMZN_127.08.pdf","Invoices","05132026_AMZN_127.08.pdf","pdf","local iSmash repository"
"/Users/bmysoren/Desktop/2026/iSmash/Invoices/05132026_AMZN_382.58.pdf","Invoices","05132026_AMZN_382.58.pdf","pdf","local iSmash repository"
"/Users/bmysoren/Desktop/2026/iSmash/Invoices/05132026_AMZN_40.87.pdf","Invoices","05132026_AMZN_40.87.pdf","pdf","local iSmash repository"
"/Users/bmysoren/Desktop/2026/iSmash/Invoices/05132026_AMZN_48.62.pdf","Invoices","05132026_AMZN_48.62.pdf","pdf","local iSmash repository"
"/Users/bmysoren/Desktop/2026/iSmash/Invoices/05192026_AMZN_193.83.pdf","Invoices","05192026_AMZN_193.83.pdf","pdf","local iSmash repository"
"/Users/bmysoren/Desktop/2026/iSmash/Invoices/05192026_AMZN_46.11.pdf","Invoices","05192026_AMZN_46.11.pdf","pdf","local iSmash repository"
"/Users/bmysoren/Desktop/2026/iSmash/Invoices/05192026_AMZN_475.80.pdf","Invoices","05192026_AMZN_475.80.pdf","pdf","local iSmash repository"
"/Users/bmysoren/Desktop/2026/iSmash/Invoices/05192026_AMZN_65.17.pdf","Invoices","05192026_AMZN_65.17.pdf","pdf","local iSmash repository"
"/Users/bmysoren/Desktop/2026/iSmash/Invoices/05192026_AMZN_74.76.pdf","Invoices","05192026_AMZN_74.76.pdf","pdf","local iSmash repository"
"/Users/bmysoren/Desktop/2026/iSmash/Invoices/05212026_AMZN_247.04.pdf","Invoices","05212026_AMZN_247.04.pdf","pdf","local iSmash repository"
"/Users/bmysoren/Desktop/2026/iSmash/Invoices/05252026_NOCRY_1_908.91.pdf","Invoices","05252026_NOCRY_1_908.91.pdf","pdf","local iSmash repository"
"/Users/bmysoren/Desktop/2026/iSmash/Invoices/05252026_NOCRY_2_662.50.pdf","Invoices","05252026_NOCRY_2_662.50.pdf","pdf","local iSmash repository"
"/Users/bmysoren/Desktop/2026/iSmash/Invoices/05252026_TS_01_213.30.pdf","Invoices","05252026_TS_01_213.30.pdf","pdf","local iSmash repository"
"/Users/bmysoren/Desktop/2026/iSmash/Invoices/05252026_WA_SOS_70.pdf","Invoices","05252026_WA_SOS_70.pdf","pdf","local iSmash repository"
"/Users/bmysoren/Desktop/2026/iSmash/Invoices/05262026_AMZN_1303.07.pdf","Invoices","05262026_AMZN_1303.07.pdf","pdf","local iSmash repository"
"/Users/bmysoren/Desktop/2026/iSmash/Invoices/05262026_AMZN_156.57.pdf","Invoices","05262026_AMZN_156.57.pdf","pdf","local iSmash repository"
"/Users/bmysoren/Desktop/2026/iSmash/Invoices/05262026_AMZN_174.92.pdf","Invoices","05262026_AMZN_174.92.pdf","pdf","local iSmash repository"
"/Users/bmysoren/Desktop/2026/iSmash/Invoices/05262026_AMZN_183.56.pdf","Invoices","05262026_AMZN_183.56.pdf","pdf","local iSmash repository"
"/Users/bmysoren/Desktop/2026/iSmash/Invoices/05262026_AMZN_66.24.pdf","Invoices","05262026_AMZN_66.24.pdf","pdf","local iSmash repository"
"/Users/bmysoren/Desktop/2026/iSmash/Invoices/05262026_SP_1849.99.pdf","Invoices","05262026_SP_1849.99.pdf","pdf","local iSmash repository"
"/Users/bmysoren/Desktop/2026/iSmash/Invoices/05272026_AMZN_105.08.pdf","Invoices","05272026_AMZN_105.08.pdf","pdf","local iSmash repository"
"/Users/bmysoren/Desktop/2026/iSmash/Invoices/05272026_AMZN_469.00.pdf","Invoices","05272026_AMZN_469.00.pdf","pdf","local iSmash repository"
"/Users/bmysoren/Desktop/2026/iSmash/Invoices/05272026_AMZN_761.89.pdf","Invoices","05272026_AMZN_761.89.pdf","pdf","local iSmash repository"
"/Users/bmysoren/Desktop/2026/iSmash/Invoices/05282025_TS_2448254505_213.30.pdf","Invoices","05282025_TS_2448254505_213.30.pdf","pdf","local iSmash repository"
"/Users/bmysoren/Desktop/2026/iSmash/Invoices/05282026_HD_1134.01.pdf","Invoices","05282026_HD_1134.01.pdf","pdf","local iSmash repository"
"/Users/bmysoren/Desktop/2026/iSmash/Invoices/05282026_TS_2448201251_213.30.pdf","Invoices","05282026_TS_2448201251_213.30.pdf","pdf","local iSmash repository"
"/Users/bmysoren/Desktop/2026/iSmash/Invoices/05282026_TS_2448254302_213.30.pdf","Invoices","05282026_TS_2448254302_213.30.pdf","pdf","local iSmash repository"
"/Users/bmysoren/Desktop/2026/iSmash/Invoices/05282026_VEVORCART_150.22.pdf","Invoices","05282026_VEVORCART_150.22.pdf","pdf","local iSmash repository"
"/Users/bmysoren/Desktop/2026/iSmash/Invoices/06012026_INSURANCE_2169.28.pdf","Invoices","06012026_INSURANCE_2169.28.pdf","pdf","local iSmash repository"
"/Users/bmysoren/Desktop/2026/iSmash/Invoices/06012026_LOW_80.64.pdf","Invoices","06012026_LOW_80.64.pdf","pdf","local iSmash repository"
"/Users/bmysoren/Desktop/2026/iSmash/Invoices/06012026_ROLLER_1125.95.pdf","Invoices","06012026_ROLLER_1125.95.pdf","pdf","local iSmash repository"
"/Users/bmysoren/Desktop/2026/iSmash/Invoices/06022026_AMZN_101.99.pdf","Invoices","06022026_AMZN_101.99.pdf","pdf","local iSmash repository"
"/Users/bmysoren/Desktop/2026/iSmash/Invoices/06022026_AMZN_18.72.pdf","Invoices","06022026_AMZN_18.72.pdf","pdf","local iSmash repository"
"/Users/bmysoren/Desktop/2026/iSmash/Invoices/06022026_AMZN_191.15.pdf","Invoices","06022026_AMZN_191.15.pdf","pdf","local iSmash repository"
"/Users/bmysoren/Desktop/2026/iSmash/Invoices/06022026_AMZN_248.87.pdf","Invoices","06022026_AMZN_248.87.pdf","pdf","local iSmash repository"
"/Users/bmysoren/Desktop/2026/iSmash/Invoices/06022026_AMZN_59.64.pdf","Invoices","06022026_AMZN_59.64.pdf","pdf","local iSmash repository"
"/Users/bmysoren/Desktop/2026/iSmash/Invoices/06022026_AMZN_93.93.pdf","Invoices","06022026_AMZN_93.93.pdf","pdf","local iSmash repository"
"/Users/bmysoren/Desktop/2026/iSmash/Invoices/06022026_Amols_80.73.pdf","Invoices","06022026_Amols_80.73.pdf","pdf","local iSmash repository"
"/Users/bmysoren/Desktop/2026/iSmash/Invoices/06022026_SP_1761.00.pdf","Invoices","06022026_SP_1761.00.pdf","pdf","local iSmash repository"
"/Users/bmysoren/Desktop/2026/iSmash/Invoices/06032026_NNN_22154.58.pdf","Invoices","06032026_NNN_22154.58.pdf","pdf","local iSmash repository"
"/Users/bmysoren/Desktop/2026/iSmash/Invoices/06052026_AMZN_143.62.pdf","Invoices","06052026_AMZN_143.62.pdf","pdf","local iSmash repository"
"/Users/bmysoren/Desktop/2026/iSmash/Invoices/06052026_AMZN_200.90.pdf","Invoices","06052026_AMZN_200.90.pdf","pdf","local iSmash repository"
"/Users/bmysoren/Desktop/2026/iSmash/Invoices/06052026_AMZN_74.88.pdf","Invoices","06052026_AMZN_74.88.pdf","pdf","local iSmash repository"
"/Users/bmysoren/Desktop/2026/iSmash/Invoices/06052026_HD_286.68.pdf","Invoices","06052026_HD_286.68.pdf","pdf","local iSmash repository"
"/Users/bmysoren/Desktop/2026/iSmash/Invoices/06152026_Fra_1674.66.pdf","Invoices","06152026_Fra_1674.66.pdf","pdf","local iSmash repository"
"/Users/bmysoren/Desktop/2026/iSmash/Invoices/06242026_AMZN_119.23.pdf","Invoices","06242026_AMZN_119.23.pdf","pdf","local iSmash repository"
"/Users/bmysoren/Desktop/2026/iSmash/Invoices/06242026_AMZN_151.88.pdf","Invoices","06242026_AMZN_151.88.pdf","pdf","local iSmash repository"
"/Users/bmysoren/Desktop/2026/iSmash/Invoices/06242026_AMZN_214.80.pdf","Invoices","06242026_AMZN_214.80.pdf","pdf","local iSmash repository"
"/Users/bmysoren/Desktop/2026/iSmash/Invoices/06242026_AMZN_80.36.pdf","Invoices","06242026_AMZN_80.36.pdf","pdf","local iSmash repository"
"/Users/bmysoren/Desktop/2026/iSmash/Invoices/06262026_AMZN_755.78(695.62)","Invoices","06262026_AMZN_755.78(695.62)","62)","local iSmash repository"
"/Users/bmysoren/Desktop/2026/iSmash/Invoices/06302026_AMZN_62.64","Invoices","06302026_AMZN_62.64","64","local iSmash repository"
"/Users/bmysoren/Desktop/2026/iSmash/Invoices/07082026_MICHAELS_430.84.pdf","Invoices","07082026_MICHAELS_430.84.pdf","pdf","local iSmash repository"
"/Users/bmysoren/Desktop/2026/iSmash/Invoices/07092026_CC_73140.39.pdf","Invoices","07092026_CC_73140.39.pdf","pdf","local iSmash repository"
"/Users/bmysoren/Desktop/2026/iSmash/Invoices/07102026_FH_95.57.jpeg","Invoices","07102026_FH_95.57.jpeg","jpeg","local iSmash repository"
"/Users/bmysoren/Desktop/2026/iSmash/Invoices/07132026_Smash_District_Reimbursement.xlsx","Invoices","07132026_Smash_District_Reimbursement.xlsx","xlsx","local iSmash repository"
"/Users/bmysoren/Desktop/2026/iSmash/Invoices/07132026_XHD_45.18.pdf","Invoices","07132026_XHD_45.18.pdf","pdf","local iSmash repository"
"/Users/bmysoren/Desktop/2026/iSmash/Invoices/07162026_AMZN_22.08.pdf","Invoices","07162026_AMZN_22.08.pdf","pdf","local iSmash repository"
"/Users/bmysoren/Desktop/2026/iSmash/Invoices/07162026_AMZN_39.78.pdf","Invoices","07162026_AMZN_39.78.pdf","pdf","local iSmash repository"
"/Users/bmysoren/Desktop/2026/iSmash/Invoices/07162026_AMZN_50.35.pdf","Invoices","07162026_AMZN_50.35.pdf","pdf","local iSmash repository"
"/Users/bmysoren/Desktop/2026/iSmash/Invoices/07162026_AMZN_582.38.pdf","Invoices","07162026_AMZN_582.38.pdf","pdf","local iSmash repository"
"/Users/bmysoren/Desktop/2026/iSmash/Invoices/07162026_AMZN_61.22.pdf","Invoices","07162026_AMZN_61.22.pdf","pdf","local iSmash repository"
"/Users/bmysoren/Desktop/2026/iSmash/Invoices/07172026_AMZN_900.66.pdf","Invoices","07172026_AMZN_900.66.pdf","pdf","local iSmash repository"
"/Users/bmysoren/Desktop/2026/iSmash/Invoices/07192026_AMZN_397.78.pdf","Invoices","07192026_AMZN_397.78.pdf","pdf","local iSmash repository"
"/Users/bmysoren/Desktop/2026/iSmash/Invoices/07192026_AMZN_42.86.pdf","Invoices","07192026_AMZN_42.86.pdf","pdf","local iSmash repository"
"/Users/bmysoren/Desktop/2026/iSmash/Invoices/07192026_AMZN_6.42.pdf","Invoices","07192026_AMZN_6.42.pdf","pdf","local iSmash repository"
"/Users/bmysoren/Desktop/2026/iSmash/Invoices/07192026_AMZN_606.13.pdf","Invoices","07192026_AMZN_606.13.pdf","pdf","local iSmash repository"
"/Users/bmysoren/Desktop/2026/iSmash/Invoices/07192026_AMZN_8.83.pdf","Invoices","07192026_AMZN_8.83.pdf","pdf","local iSmash repository"
"/Users/bmysoren/Desktop/2026/iSmash/Invoices/07192026_AMZN_80.92.pdf","Invoices","07192026_AMZN_80.92.pdf","pdf","local iSmash repository"
"/Users/bmysoren/Desktop/2026/iSmash/Invoices/07272026_AMZN_211.98","Invoices","07272026_AMZN_211.98","98","local iSmash repository"
"/Users/bmysoren/Desktop/2026/iSmash/Invoices/07272026_AMZN_267.22","Invoices","07272026_AMZN_267.22","22","local iSmash repository"
"/Users/bmysoren/Desktop/2026/iSmash/Invoices/07272026_AMZN_79.55","Invoices","07272026_AMZN_79.55","55","local iSmash repository"
"/Users/bmysoren/Desktop/2026/iSmash/Invoices/07272026_TGT_387.42.pdf","Invoices","07272026_TGT_387.42.pdf","pdf","local iSmash repository"
"/Users/bmysoren/Desktop/2026/iSmash/Invoices/07282026_KEY_195.90.pdf","Invoices","07282026_KEY_195.90.pdf","pdf","local iSmash repository"
"/Users/bmysoren/Desktop/2026/iSmash/Invoices/08062026_CAMERA_INSTALL_191.59.pdf","Invoices","08062026_CAMERA_INSTALL_191.59.pdf","pdf","local iSmash repository"
"/Users/bmysoren/Desktop/2026/iSmash/Invoices/08172026_HF_89.63","Invoices","08172026_HF_89.63","63","local iSmash repository"
"/Users/bmysoren/Desktop/2026/iSmash/Invoices/09022026_AMZN_37.83.pdf","Invoices","09022026_AMZN_37.83.pdf","pdf","local iSmash repository"
"/Users/bmysoren/Desktop/2026/iSmash/Invoices/09082026_AMZN_53.53.pdf","Invoices","09082026_AMZN_53.53.pdf","pdf","local iSmash repository"
"/Users/bmysoren/Desktop/2026/iSmash/Invoices/09142026_INS_2,456.36.pdf","Invoices","09142026_INS_2,456.36.pdf","pdf","local iSmash repository"
"/Users/bmysoren/Desktop/2026/iSmash/Invoices/09152026_INS_91.05.pdf","Invoices","09152026_INS_91.05.pdf","pdf","local iSmash repository"
"/Users/bmysoren/Desktop/2026/iSmash/Invoices/Camera Wiring - Proposal BNS0030132-2.pdf","Invoices","Camera Wiring - Proposal BNS0030132-2.pdf","pdf","local iSmash repository"
"/Users/bmysoren/Desktop/2026/iSmash/Invoices/Graffiti Invoice EVERETT.pdf","Invoices","Graffiti Invoice EVERETT.pdf","pdf","local iSmash repository"
"/Users/bmysoren/Desktop/2026/iSmash/Invoices/HarbourFrieght_Hammers_273.29.jpeg","Invoices","HarbourFrieght_Hammers_273.29.jpeg","jpeg","local iSmash repository"
"/Users/bmysoren/Desktop/2026/iSmash/Invoices/MetalOrder_024803_SO1114137-6517.11.pdf","Invoices","MetalOrder_024803_SO1114137-6517.11.pdf","pdf","local iSmash repository"
"/Users/bmysoren/Desktop/2026/iSmash/Invoices/QB_APR_30_2026.pdf","Invoices","QB_APR_30_2026.pdf","pdf","local iSmash repository"
"/Users/bmysoren/Desktop/2026/iSmash/Invoices/QB_MAY_15_2026.pdf","Invoices","QB_MAY_15_2026.pdf","pdf","local iSmash repository"
"/Users/bmysoren/Desktop/2026/iSmash/Invoices/ThomasSign_Signage_??_30339.15-21257.4-9081.75.pdf","Invoices","ThomasSign_Signage_??_30339.15-21257.4-9081.75.pdf","pdf","local iSmash repository"
"/Users/bmysoren/Desktop/2026/iSmash/Invoices/WFC_MAY_15_2026.pdf","Invoices","WFC_MAY_15_2026.pdf","pdf","local iSmash repository"
"/Users/bmysoren/Desktop/2026/iSmash/Lease-2025-SmashDistrictLLC.pdf","(root)","Lease-2025-SmashDistrictLLC.pdf","pdf","local iSmash repository"
"/Users/bmysoren/Desktop/2026/iSmash/Location/2 - LL Response - iSmash - 607 Marketplace - 4.23.25.docx","Location","2 - LL Response - iSmash - 607 Marketplace - 4.23.25.docx","docx","local iSmash repository"
"/Users/bmysoren/Desktop/2026/iSmash/Location/607 Marketplace.pdf","Location","607 Marketplace.pdf","pdf","local iSmash repository"
"/Users/bmysoren/Desktop/2026/iSmash/Location/Brian-Udall.pdf","Location","Brian-Udall.pdf","pdf","local iSmash repository"
"/Users/bmysoren/Desktop/2026/iSmash/Location/Everett 607 Floorplan-7_30.jpg","Location","Everett 607 Floorplan-7_30.jpg","jpg","local iSmash repository"
"/Users/bmysoren/Desktop/2026/iSmash/Location/Everett-607-Marketplace-Dimension.jpg","Location","Everett-607-Marketplace-Dimension.jpg","jpg","local iSmash repository"
"/Users/bmysoren/Desktop/2026/iSmash/Location/Everett-607-Marketplace.zip","Location","Everett-607-Marketplace.zip","zip","local iSmash repository"
"/Users/bmysoren/Desktop/2026/iSmash/Location/Final LOI - iSmash - 607 Marketplace - 05-30-2025.docx.pdf","Location","Final LOI - iSmash - 607 Marketplace - 05-30-2025.docx.pdf","pdf","local iSmash repository"
"/Users/bmysoren/Desktop/2026/iSmash/Location/Gateway Plaza.pdf","Location","Gateway Plaza.pdf","pdf","local iSmash repository"
"/Users/bmysoren/Desktop/2026/iSmash/Location/LOI-Signed-607 Marketplace.pdf","Location","LOI-Signed-607 Marketplace.pdf","pdf","local iSmash repository"
"/Users/bmysoren/Desktop/2026/iSmash/Location/NW Prime - iSMASH Lease - v02 [05-31-2025].docx","Location","NW Prime - iSMASH Lease - v02 [05-31-2025].docx","docx","local iSmash repository"
"/Users/bmysoren/Desktop/2026/iSmash/Location/Samsh distict LLC lease 2025.pdf","Location","Samsh distict LLC lease 2025.pdf","pdf","local iSmash repository"
"/Users/bmysoren/Desktop/2026/iSmash/Location/Smash District LLC - NW Prime - iSMASH Lease - (Tenant Comments) 6-17-25.docx","Location","Smash District LLC - NW Prime - iSMASH Lease - (Tenant Comments) 6-17-25.docx","docx","local iSmash repository"
"/Users/bmysoren/Desktop/2026/iSmash/Location/TT Counter - iSmash - 607 Marketplace - 05-09-2025.docx","Location","TT Counter - iSmash - 607 Marketplace - 05-09-2025.docx","docx","local iSmash repository"
"/Users/bmysoren/Desktop/2026/iSmash/Projections 1-3_SMASH DISTRICT LLC_v2.xlsx","(root)","Projections 1-3_SMASH DISTRICT LLC_v2.xlsx","xlsx","local iSmash repository"
"/Users/bmysoren/Desktop/2026/iSmash/Samsh distict LLC lease 2025.pdf","(root)","Samsh distict LLC lease 2025.pdf","pdf","local iSmash repository"
"/Users/bmysoren/Desktop/2026/iSmash/Signed/2025_Builders_Risk_AC/2025 6 Month Builders RIsk (GL and Property).pdf","Signed","2025 6 Month Builders RIsk (GL and Property).pdf","pdf","local iSmash repository"
"/Users/bmysoren/Desktop/2026/iSmash/Signed/2025_Builders_Risk_AC/2025 6 Month Builders Risk ACORD 126 (1).pdf","Signed","2025 6 Month Builders Risk ACORD 126 (1).pdf","pdf","local iSmash repository"
"/Users/bmysoren/Desktop/2026/iSmash/Signed/2025_Builders_Risk_AC/2025 Builders Risk $1M Excess Quote.pdf","Signed","2025 Builders Risk $1M Excess Quote.pdf","pdf","local iSmash repository"
"/Users/bmysoren/Desktop/2026/iSmash/Signed/2025_Builders_Risk_AC/2025 Builders Risk ACORD 125 (5).pdf","Signed","2025 Builders Risk ACORD 125 (5).pdf","pdf","local iSmash repository"
"/Users/bmysoren/Desktop/2026/iSmash/Signed/2025_Builders_Risk_AC/2025 Builders Risk ACORD 131 (5).pdf","Signed","2025 Builders Risk ACORD 131 (5).pdf","pdf","local iSmash repository"
"/Users/bmysoren/Desktop/2026/iSmash/Signed/2025_Builders_Risk_AC/2025 Builders Risk ACORD 140 (9).pdf","Signed","2025 Builders Risk ACORD 140 (9).pdf","pdf","local iSmash repository"
"/Users/bmysoren/Desktop/2026/iSmash/Signed/2025_Builders_Risk_AC/2025_6_Month_Builders_RIsk_(GL_and_Property).pdf","Signed","2025_6_Month_Builders_RIsk_(GL_and_Property).pdf","pdf","local iSmash repository"
"/Users/bmysoren/Desktop/2026/iSmash/Signed/2025_Builders_Risk_AC/2025_6_Month_Builders_Risk_ACORD_126_(1).pdf","Signed","2025_6_Month_Builders_Risk_ACORD_126_(1).pdf","pdf","local iSmash repository"
"/Users/bmysoren/Desktop/2026/iSmash/Signed/2025_Builders_Risk_AC/2025_Builders_Risk_$1M_Excess_Quote.pdf","Signed","2025_Builders_Risk_$1M_Excess_Quote.pdf","pdf","local iSmash repository"
"/Users/bmysoren/Desktop/2026/iSmash/Signed/2025_Builders_Risk_AC/2025_Builders_Risk_ACORD_125_(5).pdf","Signed","2025_Builders_Risk_ACORD_125_(5).pdf","pdf","local iSmash repository"
"/Users/bmysoren/Desktop/2026/iSmash/Signed/2025_Builders_Risk_AC/2025_Builders_Risk_ACORD_131_(5).pdf","Signed","2025_Builders_Risk_ACORD_131_(5).pdf","pdf","local iSmash repository"
"/Users/bmysoren/Desktop/2026/iSmash/Signed/2025_Builders_Risk_AC/2025_Builders_Risk_ACORD_140_(9).pdf","Signed","2025_Builders_Risk_ACORD_140_(9).pdf","pdf","local iSmash repository"
"/Users/bmysoren/Desktop/2026/iSmash/Signed/2025_Builders_Risk_AC/Summary.pdf","Signed","Summary.pdf","pdf","local iSmash repository"
"/Users/bmysoren/Desktop/2026/iSmash/Signed/Bank waiver.pdf","Signed","Bank waiver.pdf","pdf","local iSmash repository"
"/Users/bmysoren/Desktop/2026/iSmash/Signed/Brian-Udall-Agreement.pdf","Signed","Brian-Udall-Agreement.pdf","pdf","local iSmash repository"
"/Users/bmysoren/Desktop/2026/iSmash/Signed/Complete_with_Docusign_CCS-_DB__iSmash_Seatl.pdf","Signed","Complete_with_Docusign_CCS-_DB__iSmash_Seatl.pdf","pdf","local iSmash repository"
"/Users/bmysoren/Desktop/2026/iSmash/Signed/Complete_with_Docusign_QUAINT_-_7a_Loan_Comm.pdf","Signed","Complete_with_Docusign_QUAINT_-_7a_Loan_Comm.pdf","pdf","local iSmash repository"
"/Users/bmysoren/Desktop/2026/iSmash/Signed/Complete_with_Docusign_iSmash_Insurance_Appl.pdf","Signed","Complete_with_Docusign_iSmash_Insurance_Appl.pdf","pdf","local iSmash repository"
"/Users/bmysoren/Desktop/2026/iSmash/Signed/DivyaUSCISConsent.pdf","Signed","DivyaUSCISConsent.pdf","pdf","local iSmash repository"
"/Users/bmysoren/Desktop/2026/iSmash/Signed/Electronic_Signature_Request_from_IFS-1.pdf","Signed","Electronic_Signature_Request_from_IFS-1.pdf","pdf","local iSmash repository"
"/Users/bmysoren/Desktop/2026/iSmash/Signed/Electronic_Signature_Request_from_IFS.pdf","Signed","Electronic_Signature_Request_from_IFS.pdf","pdf","local iSmash repository"
"/Users/bmysoren/Desktop/2026/iSmash/Signed/Insurance-wetsign.pdf","Signed","Insurance-wetsign.pdf","pdf","local iSmash repository"
"/Users/bmysoren/Desktop/2026/iSmash/Signed/New_Nationwide_Life_Policy_Bharath_Kumar_Myso.pdf","Signed","New_Nationwide_Life_Policy_Bharath_Kumar_Myso.pdf","pdf","local iSmash repository"
"/Users/bmysoren/Desktop/2026/iSmash/Signed/PFS.pdf","Signed","PFS.pdf","pdf","local iSmash repository"
"/Users/bmysoren/Desktop/2026/iSmash/Signed/Signboard-InvoiceandTerm.pdf","Signed","Signboard-InvoiceandTerm.pdf","pdf","local iSmash repository"
"/Users/bmysoren/Desktop/2026/iSmash/Signed/Term sheet.pdf","Signed","Term sheet.pdf","pdf","local iSmash repository"
"/Users/bmysoren/Desktop/2026/iSmash/Signed/The Bailey Group Client Disclosure Form.pdf","Signed","The Bailey Group Client Disclosure Form.pdf","pdf","local iSmash repository"
"/Users/bmysoren/Desktop/2026/iSmash/Signed/USCIS-BKMN-release-form.pdf","Signed","USCIS-BKMN-release-form.pdf","pdf","local iSmash repository"
"/Users/bmysoren/Desktop/2026/iSmash/Signed/USCISConsent.pdf","Signed","USCISConsent.pdf","pdf","local iSmash repository"
"/Users/bmysoren/Desktop/2026/iSmash/Signed/iSmash Everett Contract Updated.pdf","Signed","iSmash Everett Contract Updated.pdf","pdf","local iSmash repository"
"/Users/bmysoren/Desktop/2026/iSmash/Signed/iSmash-SBA-document.pdf","Signed","iSmash-SBA-document.pdf","pdf","local iSmash repository"
"/Users/bmysoren/Desktop/2026/iSmash/Smash Distrct Start up Matrix.xlsx","(root)","Smash Distrct Start up Matrix.xlsx","xlsx","local iSmash repository"
"/Users/bmysoren/Desktop/2026/iSmash/Smash District Closing Checklist/!! Closing Checklist - Smash District LLC.docx","Smash District Closing Checklist","!! Closing Checklist - Smash District LLC.docx","docx","local iSmash repository"
"/Users/bmysoren/Desktop/2026/iSmash/Smash District Closing Checklist/Assign of Contracts, Licenses, Permits.docx","Smash District Closing Checklist","Assign of Contracts, Licenses, Permits.docx","docx","local iSmash repository"
"/Users/bmysoren/Desktop/2026/iSmash/Smash District Closing Checklist/Docs/2025_6M_2Mi_Excess_Binder_20261101.PDF","Smash District Closing Checklist","2025_6M_2Mi_Excess_Binder_20261101.PDF","pdf","local iSmash repository"
"/Users/bmysoren/Desktop/2026/iSmash/Smash District Closing Checklist/Docs/2025_6M_BuildersRisk_20260501.PDF","Smash District Closing Checklist","2025_6M_BuildersRisk_20260501.PDF","pdf","local iSmash repository"
"/Users/bmysoren/Desktop/2026/iSmash/Smash District Closing Checklist/Docs/AssignmentOfContractsLicensesAndPermits.pdf","Smash District Closing Checklist","AssignmentOfContractsLicensesAndPermits.pdf","pdf","local iSmash repository"
"/Users/bmysoren/Desktop/2026/iSmash/Smash District Closing Checklist/Docs/Construction_Estimate_Increased_iSmash_Everett.pdf","Smash District Closing Checklist","Construction_Estimate_Increased_iSmash_Everett.pdf","pdf","local iSmash repository"
"/Users/bmysoren/Desktop/2026/iSmash/Smash District Closing Checklist/Docs/DBA_and_License_L0031639911.pdf","Smash District Closing Checklist","DBA_and_License_L0031639911.pdf","pdf","local iSmash repository"
"/Users/bmysoren/Desktop/2026/iSmash/Smash District Closing Checklist/Docs/FDL_0625.pdf","Smash District Closing Checklist","FDL_0625.pdf","pdf","local iSmash repository"
"/Users/bmysoren/Desktop/2026/iSmash/Smash District Closing Checklist/Docs/FDL_0725.pdf","Smash District Closing Checklist","FDL_0725.pdf","pdf","local iSmash repository"
"/Users/bmysoren/Desktop/2026/iSmash/Smash District Closing Checklist/Docs/FDL_0825.pdf","Smash District Closing Checklist","FDL_0825.pdf","pdf","local iSmash repository"
"/Users/bmysoren/Desktop/2026/iSmash/Smash District Closing Checklist/Docs/FDL_0925.pdf","Smash District Closing Checklist","FDL_0925.pdf","pdf","local iSmash repository"
"/Users/bmysoren/Desktop/2026/iSmash/Smash District Closing Checklist/Docs/FDL_1025.pdf","Smash District Closing Checklist","FDL_1025.pdf","pdf","local iSmash repository"
"/Users/bmysoren/Desktop/2026/iSmash/Smash District Closing Checklist/Docs/FranchiseAgreement-Exhibit4ORJ_Lease_Agreement_Rider-Alex.pdf","Smash District Closing Checklist","FranchiseAgreement-Exhibit4ORJ_Lease_Agreement_Rider-Alex.pdf","pdf","local iSmash repository"
"/Users/bmysoren/Desktop/2026/iSmash/Smash District Closing Checklist/Docs/FranchiseAgreement-Exhibit4_Lease_Agreement_Rider.pdf","Smash District Closing Checklist","FranchiseAgreement-Exhibit4_Lease_Agreement_Rider.pdf","pdf","local iSmash repository"
"/Users/bmysoren/Desktop/2026/iSmash/Smash District Closing Checklist/Docs/FranchiseAgreement-Exhibit5-Collateral_Assignment_Of_Lease.pdf","Smash District Closing Checklist","FranchiseAgreement-Exhibit5-Collateral_Assignment_Of_Lease.pdf","pdf","local iSmash repository"
"/Users/bmysoren/Desktop/2026/iSmash/Smash District Closing Checklist/Docs/Franchise_Assignment_ Divya Mahalingaiah to Smash District LLC_ FINAL_ 12-8-2025.pdf","Smash District Closing Checklist","Franchise_Assignment_ Divya Mahalingaiah to Smash District LLC_ FINAL_ 12-8-2025.pdf","pdf","local iSmash repository"
"/Users/bmysoren/Desktop/2026/iSmash/Smash District Closing Checklist/Docs/MysoreEnterprises2025.pdf","Smash District Closing Checklist","MysoreEnterprises2025.pdf","pdf","local iSmash repository"
"/Users/bmysoren/Desktop/2026/iSmash/Smash District Closing Checklist/Docs/NW property- Cashier check.pdf","Smash District Closing Checklist","NW property- Cashier check.pdf","pdf","local iSmash repository"
"/Users/bmysoren/Desktop/2026/iSmash/Smash District Closing Checklist/Docs/Payments_From_102025.jpg","Smash District Closing Checklist","Payments_From_102025.jpg","jpg","local iSmash repository"
"/Users/bmysoren/Desktop/2026/iSmash/Smash District Closing Checklist/Docs/QuaintOakBankItsSuccessorsAssigns-20260501.pdf","Smash District Closing Checklist","QuaintOakBankItsSuccessorsAssigns-20260501.pdf","pdf","local iSmash repository"
"/Users/bmysoren/Desktop/2026/iSmash/Smash District Closing Checklist/Docs/SmashDistrictClosing-Doc-02262026.pdf","Smash District Closing Checklist","SmashDistrictClosing-Doc-02262026.pdf","pdf","local iSmash repository"
"/Users/bmysoren/Desktop/2026/iSmash/Smash District Closing Checklist/Docs/SmashDistrictClosing-Doc-Signed-02262026.pdf","Smash District Closing Checklist","SmashDistrictClosing-Doc-Signed-02262026.pdf","pdf","local iSmash repository"
"/Users/bmysoren/Desktop/2026/iSmash/Smash District Closing Checklist/Docs/SnowPud_1411_0126.pdf","Smash District Closing Checklist","SnowPud_1411_0126.pdf","pdf","local iSmash repository"
"/Users/bmysoren/Desktop/2026/iSmash/Smash District Closing Checklist/Docs/Transfer Agreement_ Divya Mahalingaiah to Smash District LLC_ FINAL_ 12-8-2025.pdf","Smash District Closing Checklist","Transfer Agreement_ Divya Mahalingaiah to Smash District LLC_ FINAL_ 12-8-2025.pdf","pdf","local iSmash repository"
"/Users/bmysoren/Desktop/2026/iSmash/Smash District Closing Checklist/Docs/WFC-Mortgage-0126.pdf","Smash District Closing Checklist","WFC-Mortgage-0126.pdf","pdf","local iSmash repository"
"/Users/bmysoren/Desktop/2026/iSmash/Smash District Closing Checklist/Docs/WFC-Mortgage-0226.pdf","Smash District Closing Checklist","WFC-Mortgage-0226.pdf","pdf","local iSmash repository"
"/Users/bmysoren/Desktop/2026/iSmash/Smash District Closing Checklist/Docs/WFC-Mortgage-1125.pdf","Smash District Closing Checklist","WFC-Mortgage-1125.pdf","pdf","local iSmash repository"
"/Users/bmysoren/Desktop/2026/iSmash/Smash District Closing Checklist/Docs/WFC-Mortgage-1225.pdf","Smash District Closing Checklist","WFC-Mortgage-1225.pdf","pdf","local iSmash repository"
"/Users/bmysoren/Desktop/2026/iSmash/Smash District Closing Checklist/Docs/WFC-Mortgage-Balance-01012026.jpg","Smash District Closing Checklist","WFC-Mortgage-Balance-01012026.jpg","jpg","local iSmash repository"
"/Users/bmysoren/Desktop/2026/iSmash/Smash District Closing Checklist/Docs/WFC-iofe-0126.pdf","Smash District Closing Checklist","WFC-iofe-0126.pdf","pdf","local iSmash repository"
"/Users/bmysoren/Desktop/2026/iSmash/Smash District Closing Checklist/Docs/WFC-iofe-0625.pdf","Smash District Closing Checklist","WFC-iofe-0625.pdf","pdf","local iSmash repository"
"/Users/bmysoren/Desktop/2026/iSmash/Smash District Closing Checklist/Docs/WFC-iofe-0725.pdf","Smash District Closing Checklist","WFC-iofe-0725.pdf","pdf","local iSmash repository"
"/Users/bmysoren/Desktop/2026/iSmash/Smash District Closing Checklist/Docs/WFC-iofe-0825.pdf","Smash District Closing Checklist","WFC-iofe-0825.pdf","pdf","local iSmash repository"
"/Users/bmysoren/Desktop/2026/iSmash/Smash District Closing Checklist/Docs/WFC-iofe-0925.pdf","Smash District Closing Checklist","WFC-iofe-0925.pdf","pdf","local iSmash repository"
"/Users/bmysoren/Desktop/2026/iSmash/Smash District Closing Checklist/Docs/WFC-iofe-1025.pdf","Smash District Closing Checklist","WFC-iofe-1025.pdf","pdf","local iSmash repository"
"/Users/bmysoren/Desktop/2026/iSmash/Smash District Closing Checklist/Docs/WFC-iofe-1125.pdf","Smash District Closing Checklist","WFC-iofe-1125.pdf","pdf","local iSmash repository"
"/Users/bmysoren/Desktop/2026/iSmash/Smash District Closing Checklist/Docs/WFC-iofe-1225.pdf","Smash District Closing Checklist","WFC-iofe-1225.pdf","pdf","local iSmash repository"
"/Users/bmysoren/Desktop/2026/iSmash/Smash District Closing Checklist/Docs/WFC_Mortgagee_12_28_2025.pdf","Smash District Closing Checklist","WFC_Mortgagee_12_28_2025.pdf","pdf","local iSmash repository"
"/Users/bmysoren/Desktop/2026/iSmash/Smash District Closing Checklist/Docs/WFC_Saving_0125.pdf","Smash District Closing Checklist","WFC_Saving_0125.pdf","pdf","local iSmash repository"
"/Users/bmysoren/Desktop/2026/iSmash/Smash District Closing Checklist/Docs/WFC_Saving_0126.pdf","Smash District Closing Checklist","WFC_Saving_0126.pdf","pdf","local iSmash repository"
"/Users/bmysoren/Desktop/2026/iSmash/Smash District Closing Checklist/Docs/WFC_Saving_0225.pdf","Smash District Closing Checklist","WFC_Saving_0225.pdf","pdf","local iSmash repository"
"/Users/bmysoren/Desktop/2026/iSmash/Smash District Closing Checklist/Docs/WFC_Saving_0925.pdf","Smash District Closing Checklist","WFC_Saving_0925.pdf","pdf","local iSmash repository"
"/Users/bmysoren/Desktop/2026/iSmash/Smash District Closing Checklist/Docs/WFC_Saving_1025.pdf","Smash District Closing Checklist","WFC_Saving_1025.pdf","pdf","local iSmash repository"
"/Users/bmysoren/Desktop/2026/iSmash/Smash District Closing Checklist/Docs/WFC_Saving_1124.pdf","Smash District Closing Checklist","WFC_Saving_1124.pdf","pdf","local iSmash repository"
"/Users/bmysoren/Desktop/2026/iSmash/Smash District Closing Checklist/Docs/WFC_Saving_1224.pdf","Smash District Closing Checklist","WFC_Saving_1224.pdf","pdf","local iSmash repository"
"/Users/bmysoren/Desktop/2026/iSmash/Smash District Closing Checklist/Mortgagee Clauses.pdf","Smash District Closing Checklist","Mortgagee Clauses.pdf","pdf","local iSmash repository"
"/Users/bmysoren/Desktop/2026/iSmash/Smash District Closing Checklist/~$ Closing Checklist - Smash District LLC.docx","Smash District Closing Checklist","~$ Closing Checklist - Smash District LLC.docx","docx","local iSmash repository"
"/Users/bmysoren/Desktop/2026/iSmash/Smash District LLC iSmash Pro-forma PnL- 2025-NEW.xlsx","(root)","Smash District LLC iSmash Pro-forma PnL- 2025-NEW.xlsx","xlsx","local iSmash repository"
"/Users/bmysoren/Desktop/2026/iSmash/Startup-Loan/BKMN-GC.pdf","Startup-Loan","BKMN-GC.pdf","pdf","local iSmash repository"
"/Users/bmysoren/Desktop/2026/iSmash/Startup-Loan/Bank waiver.pdf","Startup-Loan","Bank waiver.pdf","pdf","local iSmash repository"
"/Users/bmysoren/Desktop/2026/iSmash/Startup-Loan/CCS Invoice #2 iSmash Seattle $ 63,055.50.pdf","Startup-Loan","CCS Invoice #2 iSmash Seattle $ 63,055.50.pdf","pdf","local iSmash repository"
"/Users/bmysoren/Desktop/2026/iSmash/Startup-Loan/Complete_with_Docusign_QUAINT_-_7a_Loan_Comm.pdf","Startup-Loan","Complete_with_Docusign_QUAINT_-_7a_Loan_Comm.pdf","pdf","local iSmash repository"
"/Users/bmysoren/Desktop/2026/iSmash/Startup-Loan/DM-GC.pdf","Startup-Loan","DM-GC.pdf","pdf","local iSmash repository"
"/Users/bmysoren/Desktop/2026/iSmash/Startup-Loan/Deposit BNS0030132-5.pdf","Startup-Loan","Deposit BNS0030132-5.pdf","pdf","local iSmash repository"
"/Users/bmysoren/Desktop/2026/iSmash/Startup-Loan/Electronic_Signature_Request_from_IFS.pdf","Startup-Loan","Electronic_Signature_Request_from_IFS.pdf","pdf","local iSmash repository"
"/Users/bmysoren/Desktop/2026/iSmash/Startup-Loan/Fire Alarm Quote.pdf","Startup-Loan","Fire Alarm Quote.pdf","pdf","local iSmash repository"
"/Users/bmysoren/Desktop/2026/iSmash/Startup-Loan/SeattleOISheet-Equipments.xlsx","Startup-Loan","SeattleOISheet-Equipments.xlsx","xlsx","local iSmash repository"
"/Users/bmysoren/Desktop/2026/iSmash/Startup-Loan/Signed_TermSheet.pdf","Startup-Loan","Signed_TermSheet.pdf","pdf","local iSmash repository"
"/Users/bmysoren/Desktop/2026/iSmash/Startup-Loan/iSmash Business Plan 2025.docx","Startup-Loan","iSmash Business Plan 2025.docx","docx","local iSmash repository"
"/Users/bmysoren/Desktop/2026/iSmash/Startup-Loan/iSmash Pro-forma PnL-Lynwood.xlsx","Startup-Loan","iSmash Pro-forma PnL-Lynwood.xlsx","xlsx","local iSmash repository"
"/Users/bmysoren/Desktop/2026/iSmash/Startup-Loan/iSmash Startup Costs.xlsx","Startup-Loan","iSmash Startup Costs.xlsx","xlsx","local iSmash repository"
"/Users/bmysoren/Desktop/2026/iSmash/Startup-Loan/iSmash Store Pricing & Hours.xlsx","Startup-Loan","iSmash Store Pricing & Hours.xlsx","xlsx","local iSmash repository"
"/Users/bmysoren/Desktop/2026/iSmash/Startup-Loan/ismash-Seattle WA-New FP Budget.pdf","Startup-Loan","ismash-Seattle WA-New FP Budget.pdf","pdf","local iSmash repository"
"/Users/bmysoren/Desktop/2026/iSmash/Steel/Cad for SMASH METAL PLATES.dxf","Steel","Cad for SMASH METAL PLATES.dxf","dxf","local iSmash repository"
"/Users/bmysoren/Desktop/2026/iSmash/Steel/Smash metal wall bolt location.pdf","Steel","Smash metal wall bolt location.pdf","pdf","local iSmash repository"
"/Users/bmysoren/Desktop/2026/iSmash/WFC-iofe-072025.pdf","(root)","WFC-iofe-072025.pdf","pdf","local iSmash repository"
"/Users/bmysoren/Desktop/2026/iSmash/iSmash_ 2024 Franchise Agreement_ Divya Mahalingaiah_ FINAL_ 2-13-2025.pdf","(root)","iSmash_ 2024 Franchise Agreement_ Divya Mahalingaiah_ FINAL_ 2-13-2025.pdf","pdf","local iSmash repository"
"/Users/bmysoren/Desktop/2026/iSmash/~$mash Business Plan Template 2025.docx","(root)","~$mash Business Plan Template 2025.docx","docx","local iSmash repository"
